url_path,views_total,views_unique
/OSU-Nowlab/MPI4DL,29,10
/OSU-Nowlab/MPI4DL/tree/gems-inference/src/torchgems,8,1
/OSU-Nowlab/MPI4DL/pull/19,5,1
/OSU-Nowlab/MPI4DL/tree/github-repo-stats/OSU-Nowlab/MPI4DL/latest-report,5,1
/OSU-Nowlab/MPI4DL/blob/main/docs/installation/PYTORCH_INSTALLATION_GUIDE.md,4,1
/OSU-Nowlab/MPI4DL/tree/gems-inference/src,4,1
/OSU-Nowlab/MPI4DL/tree/main/benchmarks,4,1
/OSU-Nowlab/MPI4DL/pulls,3,1
/OSU-Nowlab/MPI4DL/tree/gems-inference,3,1
/OSU-Nowlab/MPI4DL/tree/github-repo-stats/OSU-Nowlab/MPI4DL,3,1
